{
  "accuracy": [
    0.6720620393753052,
    0.8093035817146301,
    0.8163765072822571,
    0.8499727845191956,
    0.8586779236793518,
    0.8745919466018677,
    0.877448320388794,
    0.8941784501075745,
    0.8967627882957458,
    0.8769042491912842,
    0.8907780051231384,
    0.7884929180145264,
    0.8248095512390137,
    0.8635745644569397,
    0.8955386281013489,
    0.9098204374313354,
    0.9170293807983398,
    0.9186615943908691,
    0.9207018613815308,
    0.9174374341964722,
    0.9208378791809082,
    0.9151251316070557,
    0.9266866445541382,
    0.9258705377578735,
    0.9400163292884827,
    0.9390642046928406,
    0.9421926140785217,
    0.9367519021034241,
    0.9408324360847473
  ],
  "val_accuracy": [
    0.8320325613021851,
    0.8842890858650208,
    0.8968442678451538,
    0.8137088418006897,
    0.907024085521698,
    0.9229725003242493,
    0.9131320118904114,
    0.8978622555732727,
    0.9273837804794312,
    0.88802170753479,
    0.814048171043396,
    0.8625721335411072,
    0.7356634140014648,
    0.8245673775672913,
    0.9090600609779358,
    0.9239904880523682,
    0.9182218909263611,
    0.9039701223373413,
    0.9334917068481445,
    0.8965049386024475,
    0.8795385360717773,
    0.8887003660202026,
    0.8870037198066711,
    0.9212758541107178,
    0.9077027440071106,
    0.9019341468811035,
    0.8917543292045593,
    0.8754665851593018,
    0.8883610367774963
  ],
  "loss": [
    0.7561545968055725,
    0.4647497832775116,
    0.44633352756500244,
    0.38335737586021423,
    0.38729172945022583,
    0.35634317994117737,
    0.32745712995529175,
    0.2766696810722351,
    0.2702310383319855,
    0.3273221254348755,
    0.27285176515579224,
    0.5048574209213257,
    0.4213202893733978,
    0.3755890130996704,
    0.2874530255794525,
    0.2427925318479538,
    0.22773857414722443,
    0.22087618708610535,
    0.21702221035957336,
    0.23292946815490723,
    0.21396492421627045,
    0.22894881665706635,
    0.20660941302776337,
    0.20116379857063293,
    0.1633913815021515,
    0.1732948273420334,
    0.16023032367229462,
    0.165727898478508,
    0.16249173879623413
  ],
  "val_loss": [
    0.3321760892868042,
    0.3435131013393402,
    0.2515016496181488,
    0.3991587460041046,
    0.2681575119495392,
    0.24568043649196625,
    0.21958445012569427,
    0.2479892373085022,
    0.21198037266731262,
    0.2782588005065918,
    0.5327936410903931,
    0.35664665699005127,
    0.7011581063270569,
    0.42828723788261414,
    0.2875995337963104,
    0.2527414560317993,
    0.2498559206724167,
    0.2980760633945465,
    0.20762471854686737,
    0.3022851049900055,
    0.33759263157844543,
    0.2917063534259796,
    0.3165804147720337,
    0.24364037811756134,
    0.2746865153312683,
    0.26372361183166504,
    0.31215038895606995,
    0.35143226385116577,
    0.3009603023529053
  ]
}